<xml xmlns:o="urn:schemas-microsoft-com:office:office">
 <o:MainFile HRef="../phexport.htm"/>
 <o:File HRef="image304.png"/>
 <o:File HRef="image3041.jpg"/>
 <o:File HRef="image307.png"/>
 <o:File HRef="image314.png"/>
 <o:File HRef="image3141.jpg"/>
 <o:File HRef="image321.png"/>
 <o:File HRef="image3211.jpg"/>
 <o:File HRef="image323.png"/>
 <o:File HRef="image3231.jpg"/>
 <o:File HRef="image381.png"/>
 <o:File HRef="image316.png"/>
 <o:File HRef="image3161.png"/>
 <o:File HRef="image382.png"/>
 <o:File HRef="image319.png"/>
 <o:File HRef="image3191.png"/>
 <o:File HRef="image456.png"/>
 <o:File HRef="image4561.png"/>
 <o:File HRef="image511.png"/>
 <o:File HRef="image5111.png"/>
 <o:File HRef="image427.jpg"/>
 <o:File HRef="image4271.jpg"/>
 <o:File HRef="image302.jpg"/>
 <o:File HRef="image3021.jpg"/>
 <o:File HRef="image410.png"/>
 <o:File HRef="image4101.png"/>
 <o:File HRef="image391.png"/>
 <o:File HRef="image3911.png"/>
 <o:File HRef="image296.png"/>
 <o:File HRef="image2961.png"/>
 <o:File HRef="image583.png"/>
 <o:File HRef="image5831.png"/>
 <o:File HRef="image598.jpg"/>
 <o:File HRef="image5981.jpg"/>
 <o:File HRef="image621.png"/>
 <o:File HRef="image6211.png"/>
 <o:File HRef="image649.jpg"/>
 <o:File HRef="image6491.jpg"/>
 <o:File HRef="image453.jpg"/>
 <o:File HRef="image4531.jpg"/>
 <o:File HRef="Page395.htm"/>
 <o:File HRef="image420.jpg"/>
 <o:File HRef="image4201.jpg"/>
 <o:File HRef="image341.png"/>
 <o:File HRef="image431.png"/>
 <o:File HRef="image4311.png"/>
 <o:File HRef="image425.emz"/>
 <o:File HRef="image4251.png"/>
 <o:File HRef="image452.png"/>
 <o:File HRef="image455.png"/>
 <o:File HRef="image4551.png"/>
 <o:File HRef="image491.png"/>
 <o:File HRef="image423.png"/>
 <o:File HRef="image4231.png"/>
 <o:File HRef="image372.png"/>
 <o:File HRef="image3721.png"/>
 <o:File HRef="image471.png"/>
 <o:File HRef="image4711.png"/>
 <o:File HRef="image470.png"/>
 <o:File HRef="image4701.png"/>
 <o:File HRef="image424.png"/>
 <o:File HRef="image4241.png"/>
 <o:File HRef="image494.jpg"/>
 <o:File HRef="image4941.jpg"/>
 <o:File HRef="image504.png"/>
 <o:File HRef="image5041.png"/>
 <o:File HRef="image334.png"/>
 <o:File HRef="image480.png"/>
 <o:File HRef="image4801.png"/>
 <o:File HRef="Page376.htm"/>
 <o:File HRef="image389.png"/>
 <o:File HRef="image3891.jpg"/>
 <o:File HRef="image418.jpg"/>
 <o:File HRef="image4181.jpg"/>
 <o:File HRef="image517.png"/>
 <o:File HRef="image5171.png"/>
 <o:File HRef="image507.png"/>
 <o:File HRef="image430.png"/>
 <o:File HRef="image309.png"/>
 <o:File HRef="image3091.png"/>
 <o:File HRef="image326.png"/>
 <o:File HRef="image3261.png"/>
 <o:File HRef="image328.png"/>
 <o:File HRef="image3281.png"/>
 <o:File HRef="image330.png"/>
 <o:File HRef="image3301.png"/>
 <o:File HRef="image335.png"/>
 <o:File HRef="image3351.png"/>
 <o:File HRef="Page357.htm"/>
 <o:File HRef="image416.jpg"/>
 <o:File HRef="image4161.jpg"/>
 <o:File HRef="image377.png"/>
 <o:File HRef="image3771.png"/>
 <o:File HRef="image515.png"/>
 <o:File HRef="image5151.png"/>
 <o:File HRef="image505.png"/>
 <o:File HRef="image584.png"/>
 <o:File HRef="image5841.png"/>
 <o:File HRef="image624.jpg"/>
 <o:File HRef="image6241.jpg"/>
 <o:File HRef="Page338.htm"/>
 <o:File HRef="image414.jpg"/>
 <o:File HRef="image4141.jpg"/>
 <o:File HRef="image295.png"/>
 <o:File HRef="image2951.png"/>
 <o:File HRef="image398.png"/>
 <o:File HRef="image399.jpg"/>
 <o:File HRef="image3991.jpg"/>
 <o:File HRef="image439.png"/>
 <o:File HRef="image4391.png"/>
 <o:File HRef="image379.png"/>
 <o:File HRef="image3791.png"/>
 <o:File HRef="image310.png"/>
 <o:File HRef="image360.jpg"/>
 <o:File HRef="image3601.jpg"/>
 <o:File HRef="image396.png"/>
 <o:File HRef="image3961.png"/>
 <o:File HRef="image446.jpg"/>
 <o:File HRef="image4461.jpg"/>
 <o:File HRef="Page481.htm"/>
 <o:File HRef="image565.gif"/>
 <o:File HRef="image5651.jpg"/>
 <o:File HRef="image466.jpg"/>
 <o:File HRef="image4661.jpg"/>
 <o:File HRef="image550.png"/>
 <o:File HRef="image5501.png"/>
 <o:File HRef="Page454.htm"/>
 <o:File HRef="image603.png"/>
 <o:File HRef="image609.png"/>
 <o:File HRef="image611.png"/>
 <o:File HRef="image613.png"/>
 <o:File HRef="image630.png"/>
 <o:File HRef="image6301.png"/>
 <o:File HRef="image632.png"/>
 <o:File HRef="image6321.png"/>
 <o:File HRef="image303.jpg"/>
 <o:File HRef="image3031.jpg"/>
 <o:File HRef="Page576.htm"/>
 <o:File HRef="image590.png"/>
 <o:File HRef="image634.png"/>
 <o:File HRef="image645.png"/>
 <o:File HRef="image6451.png"/>
 <o:File HRef="image647.emz"/>
 <o:File HRef="image6471.png"/>
 <o:File HRef="image586.png"/>
 <o:File HRef="image5861.png"/>
 <o:File HRef="image433.png"/>
 <o:File HRef="image4331.png"/>
 <o:File HRef="filelist.xml"/>
</xml>